{
  "@context": "https://schema.org",
  "@type": "WebAPI",
  "audience": {
    "@type": "PeopleAudience",
    "name": "Estudiantes de la Universidad Jaume I",
    "description": "La API está pensada para ser usada por estudiantes de la UJI a fin de facilitar la reserva de instalaciones",
    "requiredMinAge": "18"
  },
  "documentation": {
    "@type": "CreativeWork",
    "about": {
      "@type": "WebApplication",
      "name": "SocialPlay",
      "url": "https://docs.google.com/document/d/1mQAA5A41MScZgZ9Z_p5BzxKMh9rTmv0i3YDkjKL-2hw/edit?usp=sharing",
      "softwareVersion": "1.0",
      "releaseNotes": "La aplicación se encuentra todavía en fase de pruebas"
    },
    "accessibilityAPI": "UIAutomation",
    "educationalUse": "group work",
    "inLanguage": {
      "@type": "Language",
      "name": "Spanish",
      "alternateName": "es"
    },
    "keywords": "deportes, reserva, infraestructuras, UJI"
  },
  "name": "SocialPlay",
  "logo": "https://drive.google.com/uc?export=view&id=19XWR9_tIu_brKWqbriKLkwlw3Wsc8Vko",
  "slogan": "Tu aplicación de Deportes",
  "description": "Se trata del proyecto final de la asignatura EI1053",
  "geographicArea": {
    "@type": "AdministrativeArea",
    "@id": "https://dbpedia.org/resource/Castell%C3%B3n",
    "latitude": "39.986",
    "name": "Castellón de la Plana"
  },
  "serviceType": "Servicio (público) estandarizado",
  "brand": {
    "@type": "Organization",
    "legalname": "Universidad Jaume I",
    "@id": "https://dbpedia.org/resource/Jaume_I_University",
    "address": "Avenida SOS Baynat 4",
    "slogan": "Tu universidad pública de Castellón",
    "logo": "https://graffica.info/wp-content/uploads/2017/08/nuevo-logo-de-la-UJI-1200x900.jpg"
  },
  "provider": [
    {
      "@type": "Person",
      "@id": "https://www.linkedin.com/in/testferrari-test-278b48235/",
      "name": "Alejandro Ferrari",
      "email": "mailto:al386114@uji.es",
      "telephone": "812982389",
      "gender": "https://schema.org/Male"
    },
    {
      "@type": "Person",
      "@id": "https://es.linkedin.com/in/francisco-montalt-leon-575368144?trk=people-guest_people_search-card",
      "name": "Francisco Montalt",
      "email": "mailto:al387796@uji.es",
      "telephone": "753003461",
      "gender": "https://schema.org/Male"
    }
  ]
}


